{
  "hash": "75936ed3",
  "configHash": "a3a906ec",
  "lockfileHash": "7877e2c9",
  "browserHash": "d2ef6b1a",
  "optimized": {
    "react/jsx-dev-runtime": {
      "src": "../../node_modules/react/jsx-dev-runtime.js",
      "file": "react_jsx-dev-runtime.js",
      "fileHash": "2401ff68",
      "needsInterop": true
    },
    "react": {
      "src": "../../node_modules/react/index.js",
      "file": "react.js",
      "fileHash": "81700825",
      "needsInterop": true
    },
    "react-dom/client": {
      "src": "../../node_modules/react-dom/client.js",
      "file": "react-dom_client.js",
      "fileHash": "186a1606",
      "needsInterop": true
    },
    "react-router-dom": {
      "src": "../../node_modules/react-router-dom/dist/index.js",
      "file": "react-router-dom.js",
      "fileHash": "d67cadc0",
      "needsInterop": false
    },
    "lucide-react": {
      "src": "../../node_modules/lucide-react/dist/esm/lucide-react.js",
      "file": "lucide-react.js",
      "fileHash": "de851170",
      "needsInterop": false
    },
    "clsx": {
      "src": "../../node_modules/clsx/dist/clsx.mjs",
      "file": "clsx.js",
      "fileHash": "4c7bbc83",
      "needsInterop": false
    },
    "date-fns": {
      "src": "../../node_modules/date-fns/index.mjs",
      "file": "date-fns.js",
      "fileHash": "53a2c353",
      "needsInterop": false
    },
    "uuid": {
      "src": "../../node_modules/uuid/dist/esm-browser/index.js",
      "file": "uuid.js",
      "fileHash": "827db2e3",
      "needsInterop": false
    },
    "react-dom": {
      "src": "../../node_modules/react-dom/index.js",
      "file": "react-dom.js",
      "fileHash": "3ae3de0e",
      "needsInterop": true
    },
    "date-fns/locale": {
      "src": "../../node_modules/date-fns/locale.mjs",
      "file": "date-fns_locale.js",
      "fileHash": "4a75e082",
      "needsInterop": false
    },
    "recharts": {
      "src": "../../node_modules/recharts/es6/index.js",
      "file": "recharts.js",
      "fileHash": "1246439c",
      "needsInterop": false
    }
  },
  "chunks": {
    "chunk-BC63SET5": {
      "file": "chunk-BC63SET5.js"
    },
    "chunk-TWJRYSII": {
      "file": "chunk-TWJRYSII.js"
    },
    "chunk-KDVGFZWC": {
      "file": "chunk-KDVGFZWC.js"
    },
    "chunk-PH4L3SJA": {
      "file": "chunk-PH4L3SJA.js"
    },
    "chunk-DC5AMYBS": {
      "file": "chunk-DC5AMYBS.js"
    }
  }
}